[
  null,
  {
    "likes": 0,
    "shares": 0,
    "comments": [
      {
        "comment": "this is a beautifull blog"
      }
    ],
    "saves": [
      null
    ]
  },
  null,
  {
    "likes": 1,
    "shares": 0,
    "comments": [],
    "saves": []
  },
  null,
  null,
  null,
  null,
  {
    "likes": 1,
    "shares": 0,
    "comments": [],
    "saves": []
  },
  {
    "likes": 0,
    "shares": 0,
    "comments": [],
    "saves": [
      "user"
    ]
  },
  null,
  {
    "likes": 1,
    "shares": 0,
    "comments": [
      {
        "user": "user",
        "comment": "its an azaing blog!!"
      }
    ],
    "saves": [
      null
    ]
  }
]