[
  {
    "id": 1,
    "title": "Tandoori Chicken ",
    "chef": "Chef Harpal Singh Sokhi",
    "content": "At Sher-a-Punjab, Chef Harpal Singh Sokhi presents his famous Tandoori Chicken, a dish that has become a favorite among food enthusiasts. Marinated with a blend of spices like cumin, coriander, and Kashmiri chili, the chicken is slow-cooked in a traditional tandoor, giving it a perfect balance of smoky and tender flavors. Chef Sokhi’s unique touch—a sprinkle of lemon juice and fresh coriander—elevates the dish, making it a must-try for anyone who loves authentic Indian cuisine. Served with a side of tangy mint chutney and fresh salad, this Tandoori Chicken is a complete culinary experience that captures the essence of Indian flavors.",
    "imageUrl": "C:\\Users\\Admin\\OneDrive\\Desktop\\nodejs\\food\\public\\image\\dish8.png"
  },
  {
    "id": 2,
    "title": "Masala Dosa ",
    "chef": "Ayodfi at South Indian",
    "content": "At Shree Kerala, Chef Ayodgi brings you his famous Masala Dosa, a South Indian classic loved by many. This dish features a crispy, golden-brown crepe made from a fermented rice and lentil batter, filled with a spiced potato mixture sautéed with mustard seeds, curry leaves, and turmeric. The dosa is served with tangy coconut chutney and a hearty bowl of sambar, offering a complete and authentic South Indian culinary experience. If you're looking to enjoy a true taste of South India, Chef Ayodgi's Masala Dosa at Shree Kerala is a must-try!.",
    "imageUrl": "C:\\Users\\Admin\\OneDrive\\Desktop\\nodejs\\food\\public\\image\\dosa2.png"
  },
  {
    "id": 3,
    "title": "Chocolate cake",
    "chef": "Chef Shivesh Bhatia",
    "content": "At Cakes and Pastries, Chef Shivesh Bhatia delights with his famous Chocolate Cake and Cookies. The chocolate cake is rich, moist, and layered with a velvety chocolate ganache, making every bite a heavenly experience for chocolate lovers. Paired with his perfectly baked cookies, which are crispy on the outside and soft inside, this combination is a treat you don’t want to miss. If you’re craving something sweet, Chef Shivesh Bhatia’s creations at Cakes and Pastries are the perfect indulgence!.",
    "imageUrl": "C:\\Users\\Admin\\OneDrive\\Desktop\\nodejs\\food\\public\\image\\cake.png"
  },
  {
    "id": 4,
    "title": "Golden Honeycomb delight",
    "chef": "Chef Dragons Den",
    "content": "At Holly Scope, Chef Dragons Den presents his signature sweet dish,Golden Honeycomb Delight. This dessert features a delightful combination of crunchy honeycomb toffee and smooth caramel, drizzled with rich chocolate and topped with a sprinkle of sea salt. The balance of textures and flavors makes it an indulgent treat that perfectly reflects Chef Dragons Den’s creative culinary style. If you're looking for a unique and satisfying dessert, the Golden Honeycomb Delight at Holly Scope is a must-try!",
    "imageUrl": "C:\\Users\\Admin\\OneDrive\\Desktop\\nodejs\\food\\public\\image\\honey.png"
  },
  {
    "id": 5,
    "title": "Sooji Cutlet",
    "chef": "Chef Ranveer Brar",
    "content": "At Indian Chart, Chef Ranveer Brar introduces his delightful Sooji Cutlet, a crispy and flavorful snack that's perfect for any time of the day. Made from semolina (sooji), these cutlets are spiced to perfection and pan-fried until golden brown, giving them a satisfying crunch. Paired with tangy chutneys, Chef Brar’s Sooji Cutlet is a delicious twist on traditional Indian street food that’s sure to please your taste buds. If you’re in the mood for a light yet tasty treat, this dish at Indian Chart is a must-try!.",
    "imageUrl": "C:\\Users\\Admin\\OneDrive\\Desktop\\nodejs\\food\\public\\image\\cutlet.png"
  },
  {
    "id": 6,
    "title": "Indian platter",
    "chef": "chef Atul Kochar",
    "content": "At Benares, Chef Atul Kochhar’s Butter Chicken is a creamy, indulgent dish with tender chicken pieces cooked in a rich tomato and butter sauce. Known for its well-balanced blend of spices and a velvety texture, this dish is a favorite among those who enjoy a hearty and flavorful curry. Serve it with naan or basmati rice for a satisfying meal",
    "imageUrl": "C:\\Users\\Admin\\OneDrive\\Desktop\\nodejs\\food\\public\\image\\dish6.png"
  },
  {
    "id": 7,
    "title": "Prawn Curry ",
    "chef": "Chef Ajay Chopra",
    "content": "At The Yellow Chilli, Chef Ajay Chopra’s Prawn Curry is a delightful seafood dish with juicy prawns simmered in a fragrant coconut-based curry. The dish is enhanced with spices and herbs, offering a perfect balance of heat and flavor. It pairs beautifully with steamed rice or appams, making it a great choice for seafood lovers!",
    "imageUrl": "C:\\Users\\Admin\\OneDrive\\Desktop\\nodejs\\food\\public\\image\\dish7.png"
  },
  {
    "id": 8,
    "title": "Palak Paneer",
    "chef": " Chef Vikas Khanna",
    "content": "At the Michelin-starred restaurant, Chef Vikas Khanna’s Palak Paneer is a nutritious and flavorful dish featuring paneer cubes in a spiced spinach gravy. This classic North Indian vegetarian dish is both comforting and wholesome, ideal for pairing with roti or paratha. Chef Khanna’s recipe brings out the best in this beloved dish with a rich and vibrant green sauce.!",
    "imageUrl": "C:\\Users\\Admin\\OneDrive\\Desktop\\nodejs\\food\\public\\image\\dish8.png"
  },
  {
    "id": 9,
    "title": "Dal Makhani",
    "chef": " Chef Harpal Singh Sokhi",
    "content": "At The Great Indian Kitchen, Chef Harpal Singh Sokhi’s Dal Makhani is a creamy, slow-cooked lentil dish that is both rich and hearty. Made with black lentils and kidney beans, this dish is simmered in a buttery tomato sauce and seasoned with aromatic spices. It’s a staple in Indian cuisine and is best enjoyed with a side of rice or naan!",
    "imageUrl": "C:\\Users\\Admin\\OneDrive\\Desktop\\nodejs\\food\\public\\image\\dish9.png"
  },
  {
    "id": 10,
    "title": "Tandoori Chicken ",
    "chef": "Chef Harpal Singh Sokhi",
    "content": "At Sher-a-Punjab, Chef Harpal Singh Sokhi presents his famous Tandoori Chicken, a dish that has become a favorite among food enthusiasts. Marinated with a blend of spices like cumin, coriander, and Kashmiri chili, the chicken is slow-cooked in a traditional tandoor, giving it a perfect balance of smoky and tender flavors. Chef Sokhi’s unique touch—a sprinkle of lemon juice and fresh coriander—elevates the dish, making it a must-try for anyone who loves authentic Indian cuisine. Served with a side of tangy mint chutney and fresh salad, this Tandoori Chicken is a complete culinary experience that captures the essence of Indian flavors.",
    "imageUrl": "C:\\Users\\Admin\\OneDrive\\Desktop\\nodejs\\food\\public\\image\\dish8.png"
  }
]