[
  null,
  null,
  null,
  null,
  null,
  null,
  null,
  {
    "likes": 0,
    "shares": 0,
    "comments": [
      {
        "user": "user",
        "comment": "amzinggg"
      }
    ],
    "saves": []
  },
  {
    "likes": 0,
    "shares": 0,
    "comments": [],
    "saves": [
      "user"
    ]
  },
  {
    "likes": 1,
    "shares": 0,
    "comments": [
      {
        "user": "user",
        "comment": "amazing"
      }
    ],
    "saves": []
  },
  {
    "likes": 1,
    "shares": 0,
    "comments": [],
    "saves": []
  }
]